{
    "sharpe": 0.9785211537423408,
    "max_drawdown": -0.405840644105364,
    "volatility": 0.2833071983729526,
    "avg_return": 0.001100087645299253
}