{
    "sharpe": 0.9733251249264064,
    "max_drawdown": -0.4070518421241408,
    "volatility": 0.2832909805557027,
    "avg_return": 0.0010941834485710454
}