{
    "sharpe": 0.973324845484422,
    "max_drawdown": -0.40705180424630627,
    "volatility": 0.2832909787485684,
    "avg_return": 0.0010941831274507183
}