{
    "sharpe": 0.9733248197892439,
    "max_drawdown": -0.40705182739080636,
    "volatility": 0.2832910628524717,
    "avg_return": 0.0010941834234078783
}